"Timestamp","Give you confidence levels of the following statements below: [I feel comfortable with the book 'R for Data Science']","Give you confidence levels of the following statements below: [I can recommend the `swirl` package to the right person]","Give you confidence levels of the following statements below: [I can use `ggplot2` to create a simple plot]","Give you confidence levels of the following statements below: [I can save a plot created by `ggplot2`]","Give you confidence levels of the following statements below: [I can tell what `ggplot2` aesthetics are]","Give you confidence levels of the following statements below: [I can tell what `ggplot2` geometrical objects are]","Give you confidence levels of the following statements below: [I can assign a value to a variable]","Give you confidence levels of the following statements below: [I can use snake case when naming a variable]","Give you confidence levels of the following statements below: [I can write a comment]","Give you confidence levels of the following statements below: [I can correct typos in simple code]","Give you confidence levels of the following statements below: [I can read a comma-separated file]"
"2025/10/03 2:08:47 pm EEST","0","0","1","1","0","0","1","0","1","1","1"
"2025/10/03 2:08:49 pm EEST","0","0","1","1","0","0","3","2","4","3","5"
"2025/10/03 2:09:06 pm EEST","0","0","0","0","0","0","0","0","0","0","0"
"2025/10/03 2:09:06 pm EEST","0","0","0","","0","0","0","0","0","0","0"
"2025/10/03 2:09:14 pm EEST","0","0","0","0","0","0","0","0","0","0","0"
"2025/10/03 2:09:21 pm EEST","0","0","5","4","2","0","2","0","5","4","4"
"2025/10/03 2:09:22 pm EEST","2","2","5","5","3","4","2","2","2","2","2"
"2025/10/03 2:09:24 pm EEST","1","0","0","1","0","0","1","0","2","2","2"
"2025/10/03 2:09:39 pm EEST","0","0","0","0","0","0","0","0","0","0","0"
"2025/10/03 2:09:44 pm EEST","0","1","0","0","0","0","0","0","1","0","0"
"2025/10/03 2:09:44 pm EEST","4","4","5","5","4","4","5","3","5","5","5"
"2025/10/03 2:09:47 pm EEST","1","0","5","5","3","1","3","0","0","4","5"
"2025/10/03 2:10:02 pm EEST","2","1","2","2","1","0","4","0","5","4","1"